{
    "id": 360,
    "consumed_at": null,
    "control_url": "http://skytap-metadata/lab_access/self_learner/1/111/control/1/111",
    "course_attachments": [
        {
            "id": 621,
            "byte_size": 1107,
            "content_type": "application/zip",
            "filename": "hello_world.zip",
            "type": "scripts",
            "url": "http://skytap-metadata/rails/active_storage/blobs/redirect/1/hello_world.zip"
        }
    ],
    "course_id": 69,
    "course_identifier": null,
    "custom_content": "",
    "iframe_url": "http://skytap-metadata/self_learner_iframe/1/111",
    "integration_data": {
        "cosmos_url": "",
        "cosmos_name": "",
        "cosmos_key": ""
    },
    "metadata": {},
    "sensitive_metadata": {},
    "feature": {
        "metadata": {},
        "sensitive_metadata": {}
    },
    "course": {
        "metadata": {},
        "sensitive_metadata": {}
    },
    "user": {
        "metadata": {},
        "sensitive_metadata": {}
    },
    "event": {
        "metadata": {},
        "sensitive_metadata": {}
    },
    "remaining_runtime_in_seconds": 15383,
    "request_time": "2022-12-14T02:12:52Z",
    "tags": [
        {
            "id": 4,
            "name": "Lab Runtime 5 hours",
            "public": true
        }
    ],
    "template": "Acme DataCloud Template (US-East-2)",
    "title": "Intro to Acme DataCloud",
    "user_access_url": "http://skytap-metadata/lab_access/self_learner/1/111",
    "user_identifier": "user001@skytap.com"
}